{
  "Add User" : {
    "transaction" : "Add User",
    "sampleCount" : 600,
    "errorCount" : 2,
    "errorPct" : 0.33333334,
    "meanResTime" : 834.3399999999997,
    "medianResTime" : 1025.0,
    "minResTime" : 1.0,
    "maxResTime" : 4948.0,
    "pct1ResTime" : 1518.2999999999997,
    "pct2ResTime" : 1681.85,
    "pct3ResTime" : 2005.99,
    "throughput" : 0.997801510671487,
    "receivedKBytesPerSec" : 1.2470537571800133,
    "sentKBytesPerSec" : 0.4069792655806706
  },
  "Get Contacts" : {
    "transaction" : "Get Contacts",
    "sampleCount" : 600,
    "errorCount" : 2,
    "errorPct" : 0.33333334,
    "meanResTime" : 310.9649999999999,
    "medianResTime" : 266.0,
    "minResTime" : 248.0,
    "maxResTime" : 823.0,
    "pct1ResTime" : 431.0,
    "pct2ResTime" : 510.0,
    "pct3ResTime" : 595.0,
    "throughput" : 1.0015557499315604,
    "receivedKBytesPerSec" : 0.9854271812632289,
    "sentKBytesPerSec" : 0.512469212593562
  },
  "Get User Profile" : {
    "transaction" : "Get User Profile",
    "sampleCount" : 600,
    "errorCount" : 2,
    "errorPct" : 0.33333334,
    "meanResTime" : 312.68833333333305,
    "medianResTime" : 264.0,
    "minResTime" : 245.0,
    "maxResTime" : 1248.0,
    "pct1ResTime" : 428.9,
    "pct2ResTime" : 472.0,
    "pct3ResTime" : 646.9100000000001,
    "throughput" : 1.0006754559327546,
    "receivedKBytesPerSec" : 0.8548055093438071,
    "sentKBytesPerSec" : 0.5120187897664257
  },
  "Add Contact" : {
    "transaction" : "Add Contact",
    "sampleCount" : 600,
    "errorCount" : 2,
    "errorPct" : 0.33333334,
    "meanResTime" : 317.1883333333335,
    "medianResTime" : 272.0,
    "minResTime" : 253.0,
    "maxResTime" : 1163.0,
    "pct1ResTime" : 430.69999999999993,
    "pct2ResTime" : 512.0,
    "pct3ResTime" : 696.6700000000003,
    "throughput" : 1.000974281634124,
    "receivedKBytesPerSec" : 0.9877061589947548,
    "sentKBytesPerSec" : 0.7931091992038917
  },
  "Patch Contact" : {
    "transaction" : "Patch Contact",
    "sampleCount" : 600,
    "errorCount" : 2,
    "errorPct" : 0.33333334,
    "meanResTime" : 327.6166666666667,
    "medianResTime" : 277.0,
    "minResTime" : 1.0,
    "maxResTime" : 1299.0,
    "pct1ResTime" : 452.79999999999995,
    "pct2ResTime" : 514.9499999999999,
    "pct3ResTime" : 789.7600000000011,
    "throughput" : 1.0018149547597064,
    "receivedKBytesPerSec" : 0.9901042858061188,
    "sentKBytesPerSec" : 0.586994427821737
  },
  "Update Contact" : {
    "transaction" : "Update Contact",
    "sampleCount" : 600,
    "errorCount" : 2,
    "errorPct" : 0.33333334,
    "meanResTime" : 418.01666666666665,
    "medianResTime" : 273.0,
    "minResTime" : 254.0,
    "maxResTime" : 30280.0,
    "pct1ResTime" : 419.0,
    "pct2ResTime" : 509.29999999999905,
    "pct3ResTime" : 647.9000000000001,
    "throughput" : 1.0017614305153226,
    "receivedKBytesPerSec" : 1.017009596039703,
    "sentKBytesPerSec" : 0.8192856293148786
  },
  "Total" : {
    "transaction" : "Total",
    "sampleCount" : 4800,
    "errorCount" : 16,
    "errorPct" : 0.33333334,
    "meanResTime" : 408.40583333333296,
    "medianResTime" : 281.0,
    "minResTime" : 1.0,
    "maxResTime" : 31213.0,
    "pct1ResTime" : 513.0,
    "pct2ResTime" : 1084.8999999999996,
    "pct3ResTime" : 1594.9799999999996,
    "throughput" : 7.957045217567167,
    "receivedKBytesPerSec" : 7.639860999330281,
    "sentKBytesPerSec" : 4.805939076904013
  },
  "Update User" : {
    "transaction" : "Update User",
    "sampleCount" : 600,
    "errorCount" : 2,
    "errorPct" : 0.33333334,
    "meanResTime" : 321.6266666666665,
    "medianResTime" : 274.0,
    "minResTime" : 251.0,
    "maxResTime" : 1120.0,
    "pct1ResTime" : 450.0,
    "pct2ResTime" : 511.0,
    "pct3ResTime" : 664.7500000000002,
    "throughput" : 1.0007054973756497,
    "receivedKBytesPerSec" : 0.8626100932407347,
    "sentKBytesPerSec" : 0.6172157360522502
  },
  "Delete Contact" : {
    "transaction" : "Delete Contact",
    "sampleCount" : 600,
    "errorCount" : 2,
    "errorPct" : 0.33333334,
    "meanResTime" : 424.8050000000001,
    "medianResTime" : 274.0,
    "minResTime" : 251.0,
    "maxResTime" : 31213.0,
    "pct1ResTime" : 446.0,
    "pct2ResTime" : 510.0,
    "pct3ResTime" : 743.2300000000007,
    "throughput" : 1.0023521864642362,
    "receivedKBytesPerSec" : 0.7426411687760611,
    "sentKBytesPerSec" : 0.5891494644933444
  }
}