{
  "Add User" : {
    "transaction" : "Add User",
    "sampleCount" : 100,
    "errorCount" : 2,
    "errorPct" : 2.0,
    "meanResTime" : 859.9099999999996,
    "medianResTime" : 1007.5,
    "minResTime" : 283.0,
    "maxResTime" : 1752.0,
    "pct1ResTime" : 1338.4,
    "pct2ResTime" : 1389.75,
    "pct3ResTime" : 1750.029999999999,
    "throughput" : 6.3075564526302506,
    "receivedKBytesPerSec" : 7.81385513908162,
    "sentKBytesPerSec" : 2.5778441166267188
  },
  "Get Contacts" : {
    "transaction" : "Get Contacts",
    "sampleCount" : 100,
    "errorCount" : 2,
    "errorPct" : 2.0,
    "meanResTime" : 450.62,
    "medianResTime" : 336.0,
    "minResTime" : 249.0,
    "maxResTime" : 997.0,
    "pct1ResTime" : 725.6,
    "pct2ResTime" : 751.6499999999999,
    "pct3ResTime" : 996.7799999999999,
    "throughput" : 6.767273465520741,
    "receivedKBytesPerSec" : 6.627962796914123,
    "sentKBytesPerSec" : 3.4498555610069706
  },
  "Get User Profile" : {
    "transaction" : "Get User Profile",
    "sampleCount" : 100,
    "errorCount" : 2,
    "errorPct" : 2.0,
    "meanResTime" : 417.15000000000003,
    "medianResTime" : 283.5,
    "minResTime" : 245.0,
    "maxResTime" : 1133.0,
    "pct1ResTime" : 814.1000000000003,
    "pct2ResTime" : 957.0,
    "pct3ResTime" : 1131.4399999999991,
    "throughput" : 6.82547266398198,
    "receivedKBytesPerSec" : 5.8140495955907445,
    "sentKBytesPerSec" : 3.479524648488158
  },
  "Add Contact" : {
    "transaction" : "Add Contact",
    "sampleCount" : 100,
    "errorCount" : 2,
    "errorPct" : 2.0,
    "meanResTime" : 417.07000000000005,
    "medianResTime" : 300.0,
    "minResTime" : 251.0,
    "maxResTime" : 975.0,
    "pct1ResTime" : 753.6,
    "pct2ResTime" : 766.95,
    "pct3ResTime" : 974.8699999999999,
    "throughput" : 6.7677314564158095,
    "receivedKBytesPerSec" : 6.650750160733622,
    "sentKBytesPerSec" : 5.3495480424336765
  },
  "Patch Contact" : {
    "transaction" : "Patch Contact",
    "sampleCount" : 100,
    "errorCount" : 2,
    "errorPct" : 2.0,
    "meanResTime" : 513.5100000000001,
    "medianResTime" : 402.0,
    "minResTime" : 1.0,
    "maxResTime" : 1005.0,
    "pct1ResTime" : 779.9,
    "pct2ResTime" : 990.0,
    "pct3ResTime" : 1004.98,
    "throughput" : 2.559967232419425,
    "receivedKBytesPerSec" : 2.5754170346619563,
    "sentKBytesPerSec" : 1.4748811215216444
  },
  "Update Contact" : {
    "transaction" : "Update Contact",
    "sampleCount" : 100,
    "errorCount" : 2,
    "errorPct" : 2.0,
    "meanResTime" : 1015.77,
    "medianResTime" : 302.5,
    "minResTime" : 260.0,
    "maxResTime" : 30930.0,
    "pct1ResTime" : 743.8,
    "pct2ResTime" : 817.3499999999995,
    "pct3ResTime" : 30923.809999999998,
    "throughput" : 2.5432349949135302,
    "receivedKBytesPerSec" : 2.587617425928281,
    "sentKBytesPerSec" : 2.0741770250508647
  },
  "Total" : {
    "transaction" : "Total",
    "sampleCount" : 800,
    "errorCount" : 16,
    "errorPct" : 2.0,
    "meanResTime" : 648.0062500000009,
    "medianResTime" : 328.0,
    "minResTime" : 1.0,
    "maxResTime" : 32054.0,
    "pct1ResTime" : 974.9,
    "pct2ResTime" : 1073.9499999999998,
    "pct3ResTime" : 1503.850000000001,
    "throughput" : 10.870155986738409,
    "receivedKBytesPerSec" : 10.440591094454861,
    "sentKBytesPerSec" : 6.5356282100929395
  },
  "Update User" : {
    "transaction" : "Update User",
    "sampleCount" : 100,
    "errorCount" : 2,
    "errorPct" : 2.0,
    "meanResTime" : 425.24,
    "medianResTime" : 298.0,
    "minResTime" : 249.0,
    "maxResTime" : 767.0,
    "pct1ResTime" : 731.4000000000001,
    "pct2ResTime" : 749.6999999999999,
    "pct3ResTime" : 766.99,
    "throughput" : 6.771397616468039,
    "receivedKBytesPerSec" : 5.823401950162514,
    "sentKBytesPerSec" : 4.158061348862405
  },
  "Delete Contact" : {
    "transaction" : "Delete Contact",
    "sampleCount" : 100,
    "errorCount" : 2,
    "errorPct" : 2.0,
    "meanResTime" : 1084.78,
    "medianResTime" : 319.0,
    "minResTime" : 258.0,
    "maxResTime" : 32054.0,
    "pct1ResTime" : 973.2,
    "pct2ResTime" : 990.95,
    "pct3ResTime" : 32050.809999999998,
    "throughput" : 1.4180575447751669,
    "receivedKBytesPerSec" : 1.0601641933379655,
    "sentKBytesPerSec" : 0.8302560746040074
  }
}